[{"x":212,"y":115,"z":-106},{"x":100,"y":105,"z":-103},{"x":-78,"y":91,"z":52},{"x":128,"y":114,"z":60},{"x":10,"y":89,"z":-127},{"x":213,"y":122,"z":-104},{"x":126,"y":110,"z":58},{"x":-75,"y":89,"z":34},{"x":215,"y":117,"z":-100},{"x":214,"y":114,"z":-103},{"x":-75,"y":89,"z":30},{"x":146,"y":108,"z":-96},{"x":170,"y":108,"z":-105},{"x":209,"y":116,"z":-109},{"x":102,"y":106,"z":61},{"x":217,"y":115,"z":-105},{"x":24,"y":105,"z":59},{"x":10,"y":89,"z":-124},{"x":-33,"y":99,"z":60},{"x":-73,"y":91,"z":17},{"x":187,"y":108,"z":-103},{"x":22,"y":105,"z":59},{"x":15,"y":105,"z":60},{"x":212,"y":117,"z":-107},{"x":-75,"y":98,"z":17},{"x":-78,"y":93,"z":51},{"x":7,"y":90,"z":-147},{"x":-33,"y":100,"z":62},{"x":219,"y":106,"z":-93},{"x":217,"y":121,"z":-103},{"x":17,"y":105,"z":60},{"x":29,"y":89,"z":60},{"x":217,"y":117,"z":-101},{"x":215,"y":114,"z":-104},{"x":-96,"y":96,"z":32},{"x":216,"y":121,"z":-103},{"x":214,"y":119,"z":-100},{"x":7,"y":90,"z":-113},{"x":-97,"y":97,"z":32},{"x":213,"y":120,"z":-101},{"x":18,"y":105,"z":59},{"x":8,"y":92,"z":-147},{"x":129,"y":114,"z":61},{"x":43,"y":107,"z":-104},{"x":61,"y":108,"z":68},{"x":104,"y":105,"z":-105},{"x":208,"y":106,"z":-110},{"x":102,"y":108,"z":59},{"x":125,"y":109,"z":57},{"x":200,"y":106,"z":-98},{"x":226,"y":107,"z":-111},{"x":19,"y":105,"z":60},{"x":7,"y":91,"z":-114},{"x":102,"y":105,"z":-104},{"x":212,"y":111,"z":-106},{"x":-71,"y":98,"z":17},{"x":103,"y":105,"z":-104},{"x":208,"y":106,"z":-109},{"x":-76,"y":95,"z":17},{"x":50,"y":95,"z":-106},{"x":-91,"y":90,"z":32},{"x":-78,"y":93,"z":17},{"x":222,"y":107,"z":-96},{"x":16,"y":105,"z":60},{"x":213,"y":117,"z":-108},{"x":224,"y":108,"z":-113},{"x":-74,"y":95,"z":17},{"x":-77,"y":91,"z":17},{"x":170,"y":107,"z":-103},{"x":7,"y":93,"z":-114},{"x":116,"y":91,"z":-104},{"x":9,"y":95,"z":-147},{"x":-12,"y":80,"z":-130},{"x":214,"y":122,"z":-103},{"x":210,"y":118,"z":-110},{"x":-73,"y":90,"z":17},{"x":215,"y":122,"z":-103},{"x":-98,"y":98,"z":32},{"x":50,"y":95,"z":-107},{"x":-74,"y":92,"z":17},{"x":125,"y":108,"z":56},{"x":109,"y":89,"z":-103},{"x":14,"y":105,"z":61},{"x":-12,"y":80,"z":-131},{"x":99,"y":105,"z":-103},{"x":10,"y":89,"z":-130},{"x":-78,"y":92,"z":52},{"x":127,"y":111,"z":58},{"x":10,"y":89,"z":-131},{"x":-33,"y":97,"z":57},{"x":209,"y":107,"z":-109},{"x":220,"y":106,"z":-94},{"x":217,"y":119,"z":-106},{"x":98,"y":105,"z":-103},{"x":214,"y":120,"z":-100},{"x":215,"y":114,"z":-105},{"x":7,"y":92,"z":-112},{"x":217,"y":120,"z":-105},{"x":210,"y":118,"z":-102},{"x":12,"y":91,"z":-147},{"x":211,"y":116,"z":-105},{"x":109,"y":105,"z":-105},{"x":102,"y":107,"z":61},{"x":211,"y":110,"z":-106},{"x":211,"y":120,"z":-102},{"x":-94,"y":90,"z":32},{"x":-98,"y":90,"z":32},{"x":209,"y":108,"z":-108},{"x":113,"y":89,"z":-104},{"x":217,"y":115,"z":-104},{"x":218,"y":120,"z":-104},{"x":215,"y":115,"z":-101},{"x":212,"y":119,"z":-107},{"x":-94,"y":95,"z":32},{"x":-73,"y":98,"z":17},{"x":-75,"y":94,"z":17},{"x":-35,"y":95,"z":57},{"x":11,"y":98,"z":-147},{"x":216,"y":115,"z":-102},{"x":170,"y":108,"z":-104},{"x":203,"y":106,"z":-113},{"x":-33,"y":98,"z":59},{"x":20,"y":105,"z":59},{"x":53,"y":100,"z":-102},{"x":212,"y":114,"z":-110},{"x":216,"y":116,"z":-107},{"x":-42,"y":107,"z":60},{"x":215,"y":116,"z":-107},{"x":9,"y":98,"z":-147},{"x":25,"y":105,"z":61},{"x":14,"y":98,"z":-147},{"x":212,"y":120,"z":-101},{"x":216,"y":115,"z":-106},{"x":217,"y":116,"z":-103},{"x":-99,"y":90,"z":32},{"x":-34,"y":96,"z":57},{"x":-78,"y":90,"z":50},{"x":-78,"y":97,"z":17},{"x":10,"y":92,"z":-147},{"x":10,"y":89,"z":-136},{"x":21,"y":105,"z":61},{"x":210,"y":114,"z":-108},{"x":211,"y":120,"z":-106},{"x":27,"y":89,"z":60},{"x":-94,"y":92,"z":32},{"x":102,"y":105,"z":-105},{"x":50,"y":101,"z":-102},{"x":213,"y":116,"z":-101},{"x":217,"y":119,"z":-102},{"x":23,"y":105,"z":59},{"x":200,"y":106,"z":-101},{"x":-95,"y":97,"z":32},{"x":104,"y":105,"z":-104},{"x":51,"y":98,"z":-104},{"x":96,"y":105,"z":-104},{"x":210,"y":118,"z":-106},{"x":211,"y":118,"z":-101},{"x":216,"y":120,"z":-107},{"x":221,"y":106,"z":-96},{"x":-79,"y":98,"z":17},{"x":210,"y":119,"z":-103},{"x":10,"y":93,"z":-147},{"x":51,"y":100,"z":-101},{"x":103,"y":105,"z":-105},{"x":214,"y":117,"z":-108},{"x":-75,"y":89,"z":28},{"x":-77,"y":96,"z":17},{"x":-79,"y":95,"z":17},{"x":100,"y":105,"z":-105},{"x":-78,"y":92,"z":50},{"x":-96,"y":98,"z":32},{"x":51,"y":100,"z":-102},{"x":9,"y":94,"z":-147},{"x":10,"y":89,"z":-133},{"x":217,"y":115,"z":-103},{"x":200,"y":106,"z":-102},{"x":50,"y":101,"z":-101},{"x":-42,"y":106,"z":60},{"x":10,"y":98,"z":-147},{"x":210,"y":117,"z":-110},{"x":204,"y":106,"z":-114},{"x":217,"y":119,"z":-101},{"x":214,"y":114,"z":-105},{"x":21,"y":105,"z":60},{"x":11,"y":90,"z":-147},{"x":170,"y":108,"z":-103},{"x":221,"y":106,"z":-95},{"x":215,"y":115,"z":-107},{"x":212,"y":122,"z":-104},{"x":10,"y":89,"z":-135},{"x":124,"y":108,"z":56},{"x":-92,"y":91,"z":32},{"x":12,"y":98,"z":-147},{"x":187,"y":108,"z":-105},{"x":-76,"y":90,"z":17},{"x":-76,"y":98,"z":17},{"x":215,"y":115,"z":-106},{"x":-72,"y":90,"z":17},{"x":9,"y":96,"z":-147},{"x":98,"y":105,"z":-104},{"x":216,"y":119,"z":-107},{"x":-73,"y":97,"z":17},{"x":-96,"y":96,"z":63},{"x":216,"y":121,"z":-105},{"x":-75,"y":89,"z":31},{"x":225,"y":107,"z":-112},{"x":53,"y":98,"z":-106},{"x":215,"y":115,"z":-102},{"x":-78,"y":90,"z":52},{"x":211,"y":118,"z":-107},{"x":216,"y":120,"z":-101},{"x":-92,"y":90,"z":32},{"x":213,"y":116,"z":-107},{"x":-75,"y":89,"z":35},{"x":96,"y":105,"z":-103},{"x":26,"y":89,"z":60},{"x":213,"y":114,"z":-105},{"x":200,"y":106,"z":-107},{"x":214,"y":119,"z":-108},{"x":104,"y":105,"z":-103},{"x":50,"y":100,"z":-103},{"x":-75,"y":89,"z":37},{"x":210,"y":119,"z":-104},{"x":216,"y":114,"z":-104},{"x":7,"y":92,"z":-114},{"x":-75,"y":96,"z":17},{"x":212,"y":120,"z":-107},{"x":200,"y":106,"z":-106},{"x":-77,"y":97,"z":17},{"x":10,"y":90,"z":-147},{"x":8,"y":91,"z":-147},{"x":28,"y":89,"z":60},{"x":102,"y":107,"z":60},{"x":215,"y":116,"z":-101},{"x":210,"y":108,"z":-107},{"x":213,"y":111,"z":-106},{"x":-34,"y":100,"z":63},{"x":11,"y":95,"z":-147},{"x":170,"y":107,"z":-105},{"x":208,"y":107,"z":-109},{"x":-75,"y":92,"z":17},{"x":99,"y":105,"z":-105},{"x":215,"y":117,"z":-108},{"x":214,"y":122,"z":-105},{"x":218,"y":118,"z":-106},{"x":212,"y":115,"z":-111},{"x":-74,"y":90,"z":17},{"x":215,"y":122,"z":-105},{"x":19,"y":105,"z":61},{"x":212,"y":121,"z":-106},{"x":225,"y":106,"z":-113},{"x":209,"y":118,"z":-109},{"x":187,"y":108,"z":-104},{"x":7,"y":91,"z":-112},{"x":114,"y":89,"z":-104},{"x":209,"y":115,"z":-108},{"x":214,"y":117,"z":-100},{"x":-78,"y":91,"z":50},{"x":224,"y":107,"z":-113},{"x":129,"y":114,"z":60},{"x":212,"y":117,"z":-101},{"x":130,"y":114,"z":59},{"x":11,"y":96,"z":-147},{"x":16,"y":105,"z":61},{"x":215,"y":114,"z":-103},{"x":-77,"y":95,"z":17},{"x":217,"y":120,"z":-103},{"x":213,"y":120,"z":-107},{"x":217,"y":121,"z":-104},{"x":217,"y":117,"z":-107},{"x":98,"y":105,"z":-105},{"x":-93,"y":90,"z":32},{"x":213,"y":121,"z":-106},{"x":-76,"y":92,"z":17},{"x":222,"y":106,"z":-96},{"x":100,"y":105,"z":-104},{"x":-92,"y":97,"z":32},{"x":211,"y":116,"z":-103},{"x":109,"y":105,"z":-103},{"x":213,"y":122,"z":-103},{"x":7,"y":93,"z":-112},{"x":13,"y":90,"z":-147},{"x":216,"y":122,"z":-104},{"x":217,"y":117,"z":-106},{"x":214,"y":114,"z":-104},{"x":-35,"y":101,"z":62},{"x":122,"y":106,"z":55},{"x":-97,"y":92,"z":32},{"x":-79,"y":93,"z":17},{"x":170,"y":107,"z":-104},{"x":204,"y":107,"z":-114},{"x":217,"y":116,"z":-105},{"x":217,"y":117,"z":-102},{"x":10,"y":89,"z":-129},{"x":9,"y":92,"z":-147},{"x":215,"y":122,"z":-104},{"x":213,"y":121,"z":-102},{"x":-33,"y":99,"z":61},{"x":223,"y":106,"z":-96},{"x":214,"y":122,"z":-104},{"x":102,"y":106,"z":60},{"x":99,"y":105,"z":-104},{"x":146,"y":108,"z":-97},{"x":52,"y":98,"z":-105},{"x":214,"y":120,"z":-108},{"x":10,"y":96,"z":-147},{"x":213,"y":114,"z":-104},{"x":51,"y":99,"z":-103},{"x":102,"y":105,"z":-103},{"x":210,"y":116,"z":-104},{"x":200,"y":106,"z":-109},{"x":-93,"y":97,"z":32},{"x":15,"y":105,"z":61},{"x":212,"y":121,"z":-102},{"x":103,"y":105,"z":-103},{"x":124,"y":107,"z":55},{"x":110,"y":105,"z":-103},{"x":210,"y":119,"z":-105},{"x":17,"y":105,"z":61},{"x":200,"y":106,"z":-110},{"x":-75,"y":89,"z":32},{"x":202,"y":107,"z":-96},{"x":102,"y":108,"z":60},{"x":212,"y":114,"z":-104},{"x":111,"y":89,"z":-104},{"x":215,"y":119,"z":-100},{"x":187,"y":109,"z":-104},{"x":112,"y":89,"z":-104},{"x":213,"y":118,"z":-100},{"x":200,"y":107,"z":-98},{"x":19,"y":105,"z":59},{"x":218,"y":116,"z":-104},{"x":226,"y":106,"z":-111},{"x":187,"y":106,"z":-103},{"x":-94,"y":98,"z":32},{"x":31,"y":90,"z":60},{"x":11,"y":93,"z":-147},{"x":213,"y":119,"z":-100},{"x":210,"y":108,"z":-108},{"x":-72,"y":98,"z":17},{"x":-34,"y":96,"z":58},{"x":16,"y":105,"z":59},{"x":12,"y":96,"z":-147},{"x":210,"y":118,"z":-105},{"x":130,"y":114,"z":61},{"x":214,"y":115,"z":-101},{"x":217,"y":120,"z":-102},{"x":7,"y":98,"z":-147},{"x":170,"y":106,"z":-103},{"x":19,"y":93,"z":-103},{"x":53,"y":99,"z":-104},{"x":204,"y":107,"z":-94},{"x":-98,"y":97,"z":32},{"x":218,"y":119,"z":-105},{"x":97,"y":105,"z":-103},{"x":105,"y":105,"z":-103},{"x":211,"y":116,"z":-102},{"x":7,"y":90,"z":-112},{"x":-78,"y":98,"z":17},{"x":211,"y":120,"z":-105},{"x":-75,"y":89,"z":36},{"x":106,"y":105,"z":-104},{"x":-99,"y":98,"z":32},{"x":201,"y":106,"z":-97},{"x":101,"y":105,"z":-105},{"x":-75,"y":90,"z":17},{"x":200,"y":106,"z":-108},{"x":116,"y":90,"z":-104},{"x":52,"y":100,"z":-101},{"x":108,"y":105,"z":-105},{"x":216,"y":115,"z":-105},{"x":-91,"y":98,"z":32},{"x":128,"y":114,"z":59},{"x":214,"y":116,"z":-100},{"x":-78,"y":93,"z":50},{"x":61,"y":109,"z":68},{"x":187,"y":107,"z":-104},{"x":-96,"y":93,"z":32},{"x":-95,"y":92,"z":32},{"x":9,"y":93,"z":-147},{"x":-33,"y":97,"z":58},{"x":51,"y":96,"z":-107},{"x":215,"y":118,"z":-100},{"x":211,"y":116,"z":-106},{"x":202,"y":106,"z":-112},{"x":10,"y":89,"z":-134},{"x":215,"y":120,"z":-107},{"x":203,"y":106,"z":-95},{"x":214,"y":118,"z":-100},{"x":-78,"y":96,"z":17},{"x":123,"y":106,"z":55},{"x":220,"y":106,"z":-95},{"x":31,"y":91,"z":60},{"x":-79,"y":96,"z":17},{"x":-35,"y":95,"z":58},{"x":15,"y":105,"z":59},{"x":-77,"y":90,"z":17},{"x":22,"y":105,"z":60},{"x":217,"y":120,"z":-106},{"x":212,"y":116,"z":-107},{"x":-95,"y":96,"z":63},{"x":-79,"y":91,"z":17},{"x":213,"y":115,"z":-101},{"x":-79,"y":90,"z":17},{"x":17,"y":105,"z":59},{"x":-96,"y":95,"z":32},{"x":-97,"y":90,"z":32},{"x":-75,"y":95,"z":17},{"x":10,"y":91,"z":-147},{"x":218,"y":117,"z":-105},{"x":51,"y":96,"z":-106},{"x":212,"y":118,"z":-100},{"x":18,"y":105,"z":60},{"x":212,"y":121,"z":-103},{"x":-77,"y":92,"z":17},{"x":19,"y":94,"z":-103},{"x":211,"y":109,"z":-106},{"x":107,"y":105,"z":-103},{"x":218,"y":118,"z":-103},{"x":146,"y":109,"z":-97},{"x":211,"y":115,"z":-103},{"x":215,"y":121,"z":-102},{"x":218,"y":119,"z":-104},{"x":-95,"y":95,"z":32},{"x":126,"y":109,"z":57},{"x":7,"y":92,"z":-113},{"x":211,"y":117,"z":-102},{"x":110,"y":89,"z":-103},{"x":125,"y":109,"z":58},{"x":108,"y":105,"z":-104},{"x":95,"y":105,"z":-104},{"x":-96,"y":92,"z":32},{"x":10,"y":94,"z":-147},{"x":-94,"y":96,"z":32},{"x":51,"y":97,"z":-105},{"x":101,"y":105,"z":-104},{"x":211,"y":119,"z":-106},{"x":106,"y":105,"z":-105},{"x":23,"y":105,"z":60},{"x":102,"y":109,"z":60},{"x":131,"y":114,"z":60},{"x":200,"y":106,"z":-99},{"x":-95,"y":98,"z":32},{"x":208,"y":107,"z":-108},{"x":221,"y":107,"z":-95},{"x":-78,"y":90,"z":51},{"x":-96,"y":91,"z":32},{"x":211,"y":109,"z":-107},{"x":210,"y":118,"z":-104},{"x":129,"y":114,"z":62},{"x":12,"y":97,"z":-147},{"x":-74,"y":97,"z":17},{"x":52,"y":99,"z":-103},{"x":-75,"y":89,"z":39},{"x":216,"y":117,"z":-101},{"x":217,"y":118,"z":-107},{"x":115,"y":89,"z":-104},{"x":214,"y":121,"z":-101},{"x":-78,"y":95,"z":17},{"x":211,"y":117,"z":-107},{"x":215,"y":121,"z":-107},{"x":123,"y":107,"z":55},{"x":10,"y":89,"z":-125},{"x":218,"y":117,"z":-104},{"x":222,"y":108,"z":-96},{"x":-78,"y":90,"z":17},{"x":-74,"y":96,"z":17},{"x":8,"y":97,"z":-147},{"x":10,"y":89,"z":-126},{"x":-75,"y":97,"z":17},{"x":52,"y":97,"z":-106},{"x":50,"y":100,"z":-102},{"x":-66,"y":94,"z":61},{"x":-34,"y":99,"z":61},{"x":12,"y":90,"z":-147},{"x":187,"y":107,"z":-105},{"x":-93,"y":96,"z":32},{"x":-79,"y":94,"z":17},{"x":11,"y":91,"z":-147},{"x":211,"y":119,"z":-102},{"x":-93,"y":92,"z":32},{"x":211,"y":121,"z":-103},{"x":-76,"y":93,"z":17},{"x":52,"y":97,"z":-107},{"x":204,"y":106,"z":-94},{"x":212,"y":115,"z":-105},{"x":215,"y":121,"z":-106},{"x":211,"y":117,"z":-106},{"x":211,"y":114,"z":-109},{"x":201,"y":106,"z":-111},{"x":20,"y":105,"z":60},{"x":210,"y":115,"z":-110},{"x":-95,"y":90,"z":32},{"x":187,"y":106,"z":-105},{"x":216,"y":118,"z":-100},{"x":-94,"y":93,"z":32},{"x":210,"y":114,"z":-109},{"x":-75,"y":89,"z":38},{"x":-34,"y":100,"z":62},{"x":212,"y":118,"z":-108},{"x":210,"y":118,"z":-103},{"x":-34,"y":97,"z":59},{"x":-79,"y":97,"z":17},{"x":210,"y":115,"z":-109},{"x":202,"y":107,"z":-112},{"x":211,"y":119,"z":-101},{"x":24,"y":89,"z":61},{"x":-78,"y":92,"z":17},{"x":107,"y":105,"z":-104},{"x":218,"y":118,"z":-104},{"x":215,"y":118,"z":-108},{"x":200,"y":107,"z":-106},{"x":211,"y":120,"z":-103},{"x":-98,"y":91,"z":32},{"x":13,"y":98,"z":-147},{"x":214,"y":118,"z":-108},{"x":170,"y":106,"z":-105},{"x":50,"y":100,"z":-101},{"x":209,"y":117,"z":-109},{"x":-96,"y":97,"z":32},{"x":210,"y":116,"z":-110},{"x":218,"y":119,"z":-103},{"x":43,"y":106,"z":-104},{"x":97,"y":105,"z":-105},{"x":105,"y":105,"z":-105},{"x":102,"y":107,"z":59},{"x":211,"y":115,"z":-104},{"x":8,"y":98,"z":-147},{"x":20,"y":105,"z":61},{"x":224,"y":106,"z":-113},{"x":8,"y":90,"z":-147},{"x":214,"y":116,"z":-108},{"x":110,"y":89,"z":-104},{"x":30,"y":89,"z":60},{"x":108,"y":105,"z":-103},{"x":216,"y":115,"z":-103},{"x":212,"y":116,"z":-111},{"x":25,"y":89,"z":61},{"x":101,"y":105,"z":-103},{"x":217,"y":116,"z":-102},{"x":200,"y":106,"z":-100},{"x":202,"y":106,"z":-96},{"x":227,"y":106,"z":-110},{"x":211,"y":121,"z":-104},{"x":-73,"y":92,"z":17},{"x":53,"y":100,"z":-103},{"x":209,"y":107,"z":-108},{"x":200,"y":107,"z":-102},{"x":-72,"y":97,"z":17},{"x":-74,"y":93,"z":17},{"x":9,"y":97,"z":-147},{"x":-94,"y":97,"z":32},{"x":14,"y":90,"z":-147},{"x":21,"y":105,"z":59},{"x":216,"y":117,"z":-107},{"x":52,"y":99,"z":-104},{"x":10,"y":95,"z":-147},{"x":213,"y":119,"z":-108},{"x":214,"y":121,"z":-107},{"x":-95,"y":96,"z":32},{"x":217,"y":118,"z":-101},{"x":-75,"y":89,"z":29},{"x":23,"y":105,"z":61},{"x":-78,"y":92,"z":51},{"x":-93,"y":98,"z":32},{"x":218,"y":117,"z":-103},{"x":215,"y":119,"z":-108},{"x":6,"y":90,"z":-147},{"x":-96,"y":90,"z":32},{"x":-97,"y":98,"z":32},{"x":13,"y":91,"z":-147},{"x":11,"y":92,"z":-147},{"x":212,"y":121,"z":-105},{"x":211,"y":117,"z":-101},{"x":215,"y":121,"z":-101},{"x":6,"y":98,"z":-147},{"x":146,"y":109,"z":-96},{"x":213,"y":118,"z":-108},{"x":210,"y":117,"z":-105},{"x":211,"y":115,"z":-105},{"x":97,"y":105,"z":-104},{"x":105,"y":105,"z":-104},{"x":-76,"y":91,"z":17},{"x":170,"y":106,"z":-104},{"x":-95,"y":93,"z":32},{"x":7,"y":91,"z":-147},{"x":-75,"y":89,"z":33},{"x":214,"y":122,"z":-106},{"x":-95,"y":91,"z":32},{"x":107,"y":105,"z":-105},{"x":218,"y":118,"z":-105},{"x":225,"y":106,"z":-112},{"x":-71,"y":90,"z":17},{"x":-97,"y":91,"z":32},{"x":210,"y":109,"z":-106},{"x":24,"y":105,"z":61},{"x":106,"y":105,"z":-103},{"x":213,"y":115,"z":-102},{"x":-94,"y":96,"z":63},{"x":207,"y":106,"z":-109},{"x":-66,"y":93,"z":61},{"x":7,"y":91,"z":-113},{"x":-76,"y":96,"z":17},{"x":102,"y":106,"z":59},{"x":214,"y":114,"z":-102},{"x":12,"y":92,"z":-147},{"x":-78,"y":91,"z":17},{"x":-72,"y":91,"z":17},{"x":-75,"y":93,"z":17},{"x":-13,"y":80,"z":-130},{"x":187,"y":106,"z":-104},{"x":-95,"y":94,"z":32},{"x":-13,"y":80,"z":-131},{"x":212,"y":110,"z":-106},{"x":-97,"y":96,"z":32},{"x":22,"y":105,"z":61},{"x":214,"y":115,"z":-107},{"x":-76,"y":94,"z":17},{"x":-77,"y":98,"z":17},{"x":53,"y":98,"z":-105},{"x":18,"y":105,"z":61},{"x":11,"y":97,"z":-147},{"x":-74,"y":91,"z":17},{"x":216,"y":121,"z":-102},{"x":200,"y":107,"z":-110},{"x":7,"y":93,"z":-113},{"x":210,"y":109,"z":-107},{"x":13,"y":97,"z":-147},{"x":212,"y":116,"z":-101},{"x":213,"y":115,"z":-107},{"x":10,"y":89,"z":-132},{"x":129,"y":114,"z":59},{"x":52,"y":100,"z":-102},{"x":216,"y":121,"z":-106},{"x":209,"y":108,"z":-107},{"x":-78,"y":93,"z":52},{"x":102,"y":108,"z":61},{"x":127,"y":114,"z":60},{"x":210,"y":117,"z":-104},{"x":14,"y":91,"z":-147},{"x":7,"y":97,"z":-147},{"x":213,"y":112,"z":-106},{"x":-75,"y":91,"z":17},{"x":-35,"y":101,"z":63},{"x":130,"y":114,"z":60},{"x":170,"y":109,"z":-104},{"x":-76,"y":97,"z":17},{"x":-79,"y":92,"z":17},{"x":187,"y":107,"z":-103},{"x":-93,"y":91,"z":32},{"x":211,"y":121,"z":-105},{"x":213,"y":115,"z":-106},{"x":10,"y":89,"z":-128},{"x":-78,"y":91,"z":51},{"x":8,"y":96,"z":-147},{"x":-74,"y":98,"z":17},{"x":-75,"y":89,"z":40},{"x":7,"y":90,"z":-114},{"x":-73,"y":96,"z":17},{"x":9,"y":90,"z":-147},{"x":219,"y":106,"z":-94},{"x":-35,"y":100,"z":61},{"x":215,"y":120,"z":-101},{"x":10,"y":97,"z":-147},{"x":9,"y":91,"z":-147},{"x":123,"y":107,"z":56},{"x":-94,"y":91,"z":32},{"x":212,"y":115,"z":-103},{"x":214,"y":122,"z":-102},{"x":-92,"y":98,"z":32}]